Name,Code,Easting,Northing,Elevation,Description,Longitude,Latitude,Ellipsoidal height,Origin,Easting RMS,Northing RMS,Elevation RMS,Lateral RMS,Antenna height,Antenna height units,Solution status,Correction type,Averaging start,Averaging end,Samples,PDOP,GDOP,Base easting,Base northing,Base elevation,Base longitude,Base latitude,Base ellipsoidal height,Baseline,Mount point,CS name,GPS Satellites,GLONASS Satellites,Galileo Satellites,BeiDou Satellites,QZSS Satellites
1,,383193.868,2264756.751,1903.876,,-100.12000173,20.47781106,1903.876,Global,0.013,0.016,0.027,0.020,1.686,m,FLOAT,RTK,2026-07-15 17:31:30.4 UTC-06:00,2026-07-15 17:31:35.7 UTC-06:00,27,1.8,2.2,383207.295,2264748.234,1905.857,-100.11987243,20.47773495,1905.857,15.913,,Mexico ITRF92 / UTM zone 14N,9,0,0,0,0
2,,383193.862,2264756.752,1903.872,,-100.12000178,20.47781107,1903.872,Global,0.013,0.016,0.026,0.020,1.686,m,FLOAT,RTK,2026-07-15 17:31:40.2 UTC-06:00,2026-07-15 17:31:45.4 UTC-06:00,27,1.8,2.2,383207.295,2264748.234,1905.857,-100.11987243,20.47773495,1905.857,15.921,,Mexico ITRF92 / UTM zone 14N,8,0,0,0,0
3,,383189.253,2264754.062,1904.089,,-100.12004579,20.47778648,1904.089,Global,0.062,0.096,0.177,0.114,1.686,m,FLOAT,RTK,2026-07-15 17:32:34.5 UTC-06:00,2026-07-15 17:32:39.5 UTC-06:00,26,4.9,6.2,383207.295,2264748.234,1905.857,-100.11987243,20.47773495,1905.857,18.967,,Mexico ITRF92 / UTM zone 14N,8,0,0,0,0
4,,383190.934,2264756.370,1903.836,,-100.12002983,20.47780744,1903.836,Global,0.011,0.018,0.028,0.021,1.686,m,FLOAT,RTK,2026-07-15 17:32:56.7 UTC-06:00,2026-07-15 17:33:01.7 UTC-06:00,26,1.5,1.8,383207.295,2264748.234,1905.857,-100.11987243,20.47773495,1905.857,18.286,,Mexico ITRF92 / UTM zone 14N,8,8,3,0,0
5,,383192.595,2264758.623,1903.846,,-100.12001405,20.47782789,1903.846,Global,0.012,0.017,0.024,0.020,1.686,m,FLOAT,RTK,2026-07-15 17:33:13.5 UTC-06:00,2026-07-15 17:33:18.7 UTC-06:00,27,1.9,2.3,383207.295,2264748.234,1905.857,-100.11987243,20.47773495,1905.857,18.017,,Mexico ITRF92 / UTM zone 14N,9,9,3,0,0
6,,383192.521,2264761.764,1903.810,,-100.12001497,20.47785627,1903.810,Global,0.012,0.017,0.029,0.021,1.686,m,FLOAT,RTK,2026-07-15 17:33:34.3 UTC-06:00,2026-07-15 17:33:39.3 UTC-06:00,26,1.8,2.2,383207.295,2264748.234,1905.857,-100.11987243,20.47773495,1905.857,20.050,,Mexico ITRF92 / UTM zone 14N,8,0,0,0,0
7,,383193.196,2264762.337,1903.792,,-100.12000853,20.47786149,1903.792,Global,0.015,0.016,0.025,0.022,1.686,m,FLOAT,RTK,2026-07-15 17:33:47.0 UTC-06:00,2026-07-15 17:33:52.0 UTC-06:00,26,1.7,2.0,383207.295,2264748.234,1905.857,-100.11987243,20.47773495,1905.857,19.948,,Mexico ITRF92 / UTM zone 14N,9,0,0,0,0
8,,383192.689,2264762.819,1903.805,,-100.12001342,20.47786581,1903.805,Global,0.011,0.015,0.023,0.018,1.686,m,FLOAT,RTK,2026-07-15 17:34:04.1 UTC-06:00,2026-07-15 17:34:09.1 UTC-06:00,26,1.9,2.3,383207.295,2264748.234,1905.857,-100.11987243,20.47773495,1905.857,20.653,,Mexico ITRF92 / UTM zone 14N,9,9,3,0,0
9,,383192.092,2264762.151,1903.821,,-100.12001911,20.47785974,1903.821,Global,0.015,0.017,0.029,0.023,1.686,m,FLOAT,RTK,2026-07-15 17:34:19.5 UTC-06:00,2026-07-15 17:34:24.5 UTC-06:00,26,2.0,2.5,383207.295,2264748.234,1905.857,-100.11987243,20.47773495,1905.857,20.632,,Mexico ITRF92 / UTM zone 14N,8,9,3,0,0
10,,383195.787,2264762.792,1904.095,,-100.11998372,20.47786576,1904.095,Global,0.018,0.018,0.052,0.025,1.686,m,FLOAT,RTK,2026-07-15 17:34:39.1 UTC-06:00,2026-07-15 17:34:44.2 UTC-06:00,27,3.1,3.7,383207.295,2264748.234,1905.857,-100.11987243,20.47773495,1905.857,18.569,,Mexico ITRF92 / UTM zone 14N,8,0,0,0,0
11,,383192.575,2264765.153,1904.661,,-100.12001467,20.47788689,1904.661,Global,0.016,0.016,0.076,0.023,1.686,m,FIX,RTK,2026-07-15 17:35:01.1 UTC-06:00,2026-07-15 17:35:06.1 UTC-06:00,26,5.5,6.6,383207.295,2264748.234,1905.857,-100.11987243,20.47773495,1905.857,22.444,,Mexico ITRF92 / UTM zone 14N,8,0,0,0,0
12,,383190.638,2264767.355,1905.996,,-100.12003339,20.47790666,1905.996,Global,0.175,0.361,0.827,0.401,1.686,m,FLOAT,RTK,2026-07-15 17:35:15.7 UTC-06:00,2026-07-15 17:35:20.9 UTC-06:00,27,55.2,62.7,383207.295,2264748.234,1905.857,-100.11987243,20.47773495,1905.857,25.154,,Mexico ITRF92 / UTM zone 14N,8,9,3,0,0
13,,383188.625,2264767.902,1904.558,,-100.12005272,20.47791148,1904.558,Global,0.096,0.093,0.463,0.134,1.686,m,FLOAT,RTK,2026-07-15 17:35:32.2 UTC-06:00,2026-07-15 17:35:37.2 UTC-06:00,26,14.6,17.8,383207.295,2264748.234,1905.857,-100.11987243,20.47773495,1905.857,27.167,,Mexico ITRF92 / UTM zone 14N,8,0,0,0,0
14,,383186.701,2264769.189,1904.541,,-100.12007125,20.47792299,1904.541,Global,0.081,0.040,0.204,0.090,1.686,m,FLOAT,RTK,2026-07-15 17:35:49.2 UTC-06:00,2026-07-15 17:35:54.5 UTC-06:00,27,9.2,11.5,383207.295,2264748.234,1905.857,-100.11987243,20.47773495,1905.857,29.374,,Mexico ITRF92 / UTM zone 14N,8,9,3,0,0
15,,383184.041,2264770.876,1905.127,,-100.12009686,20.47793807,1905.127,Global,0.082,0.044,0.174,0.093,1.686,m,FLOAT,RTK,2026-07-15 17:36:11.1 UTC-06:00,2026-07-15 17:36:16.1 UTC-06:00,26,10.1,12.1,383207.295,2264748.234,1905.857,-100.11987243,20.47773495,1905.857,32.484,,Mexico ITRF92 / UTM zone 14N,9,0,0,0,0
16,,383181.658,2264767.695,1904.885,,-100.12011950,20.47790918,1904.885,Global,0.015,0.009,0.044,0.017,1.686,m,FIX,RTK,2026-07-15 17:36:29.9 UTC-06:00,2026-07-15 17:36:34.9 UTC-06:00,26,2.8,3.3,383207.295,2264748.234,1905.857,-100.11987243,20.47773495,1905.857,32.207,,Mexico ITRF92 / UTM zone 14N,7,0,0,0,0
17,,383184.272,2264766.073,1904.876,,-100.12009433,20.47789469,1904.876,Global,0.081,0.031,0.184,0.086,1.686,m,FLOAT,RTK,2026-07-15 17:36:52.5 UTC-06:00,2026-07-15 17:36:57.7 UTC-06:00,27,3.3,4.1,383207.295,2264748.234,1905.857,-100.11987243,20.47773495,1905.857,29.152,,Mexico ITRF92 / UTM zone 14N,7,0,0,0,0
18,,383186.394,2264764.651,1904.972,,-100.12007390,20.47788197,1904.972,Global,0.081,0.031,0.178,0.087,1.686,m,FLOAT,RTK,2026-07-15 17:37:08.7 UTC-06:00,2026-07-15 17:37:13.9 UTC-06:00,27,2.6,3.1,383207.295,2264748.234,1905.857,-100.11987243,20.47773495,1905.857,26.614,,Mexico ITRF92 / UTM zone 14N,5,0,0,0,0
19,,383184.053,2264772.316,1904.951,,-100.12009684,20.47795108,1904.951,Global,0.065,0.038,0.170,0.076,1.686,m,FLOAT,RTK,2026-07-15 17:37:46.0 UTC-06:00,2026-07-15 17:37:51.0 UTC-06:00,26,2.6,3.1,383207.295,2264748.234,1905.857,-100.11987243,20.47773495,1905.857,33.489,,Mexico ITRF92 / UTM zone 14N,9,8,3,0,0
20,,383176.561,2264761.903,1905.465,,-100.12016799,20.47785654,1905.465,Global,0.062,0.046,0.185,0.077,1.686,m,FLOAT,RTK,2026-07-15 17:38:12.6 UTC-06:00,2026-07-15 17:38:17.6 UTC-06:00,26,1.9,2.2,383207.295,2264748.234,1905.857,-100.11987243,20.47773495,1905.857,33.734,,Mexico ITRF92 / UTM zone 14N,8,0,0,0,0
21,,383185.930,2264764.811,1905.447,,-100.12007836,20.47788340,1905.447,Global,0.056,0.037,0.144,0.067,1.686,m,FLOAT,RTK,2026-07-15 17:38:56.0 UTC-06:00,2026-07-15 17:39:01.2 UTC-06:00,27,3.4,4.2,383207.295,2264748.234,1905.857,-100.11987243,20.47773495,1905.857,27.074,,Mexico ITRF92 / UTM zone 14N,6,7,3,0,0
22,,383188.109,2264763.339,1905.346,,-100.12005737,20.47787022,1905.346,Global,0.065,0.037,0.141,0.075,1.686,m,FLOAT,RTK,2026-07-15 17:39:12.1 UTC-06:00,2026-07-15 17:39:17.2 UTC-06:00,27,4.9,6.1,383207.295,2264748.234,1905.857,-100.11987243,20.47773495,1905.857,24.447,,Mexico ITRF92 / UTM zone 14N,7,0,0,0,0
23,,383190.360,2264761.757,1905.115,,-100.12003568,20.47785608,1905.115,Global,0.052,0.036,0.136,0.064,1.686,m,FLOAT,RTK,2026-07-15 17:39:28.2 UTC-06:00,2026-07-15 17:39:33.4 UTC-06:00,27,2.4,2.9,383207.295,2264748.234,1905.857,-100.11987243,20.47773495,1905.857,21.690,,Mexico ITRF92 / UTM zone 14N,7,0,0,0,0
24,,383199.295,2264753.690,1917.316,,-100.11994950,20.47778375,1917.316,Global,0.055,0.049,0.151,0.074,1.686,m,FLOAT,RTK,2026-07-15 17:40:03.6 UTC-06:00,2026-07-15 17:40:08.6 UTC-06:00,26,2.1,2.4,383207.295,2264748.234,1905.857,-100.11987243,20.47773495,1905.857,16.268,,Mexico ITRF92 / UTM zone 14N,9,0,0,0,0
25,,383205.239,2264750.774,1909.936,,-100.11989232,20.47775777,1909.936,Global,0.326,0.240,0.755,0.405,1.686,m,FLOAT,RTK,2026-07-15 17:40:27.4 UTC-06:00,2026-07-15 17:40:32.6 UTC-06:00,27,2.8,3.1,383207.295,2264748.234,1905.857,-100.11987243,20.47773495,1905.857,6.503,,Mexico ITRF92 / UTM zone 14N,7,0,0,0,0
26,,383211.137,2264748.584,1906.694,,-100.11983562,20.47773835,1906.694,Global,0.123,0.118,0.344,0.171,1.686,m,FLOAT,RTK,2026-07-15 17:41:00.1 UTC-06:00,2026-07-15 17:41:05.1 UTC-06:00,26,1.8,2.1,383207.295,2264748.234,1905.857,-100.11987243,20.47773495,1905.857,4.541,,Mexico ITRF92 / UTM zone 14N,9,0,0,0,0
27,,383211.190,2264748.762,1906.000,,-100.11983513,20.47773996,1906.000,Global,0.108,0.109,0.292,0.154,1.686,m,FLOAT,RTK,2026-07-15 17:41:09.7 UTC-06:00,2026-07-15 17:41:14.9 UTC-06:00,27,3.0,3.6,383207.295,2264748.234,1905.857,-100.11987243,20.47773495,1905.857,4.310,,Mexico ITRF92 / UTM zone 14N,9,0,0,0,0
28,,383214.382,2264752.487,1903.531,,-100.11980477,20.47777381,1903.531,Global,0.098,0.090,0.240,0.133,1.686,m,FLOAT,RTK,2026-07-15 17:41:36.0 UTC-06:00,2026-07-15 17:41:41.2 UTC-06:00,27,6.3,7.7,383207.295,2264748.234,1905.857,-100.11987243,20.47773495,1905.857,8.335,,Mexico ITRF92 / UTM zone 14N,7,0,0,0,0
29,,383216.797,2264750.460,1903.547,,-100.11978149,20.47775564,1903.547,Global,0.098,0.095,0.207,0.137,1.686,m,FLOAT,RTK,2026-07-15 17:42:13.7 UTC-06:00,2026-07-15 17:42:18.9 UTC-06:00,27,2.6,3.2,383207.295,2264748.234,1905.857,-100.11987243,20.47773495,1905.857,9.788,,Mexico ITRF92 / UTM zone 14N,9,0,0,0,0
30,,383219.532,2264748.410,1903.660,,-100.11975513,20.47773729,1903.660,Global,0.093,0.083,0.211,0.125,1.686,m,FLOAT,RTK,2026-07-15 17:42:34.8 UTC-06:00,2026-07-15 17:42:39.8 UTC-06:00,26,5.3,6.8,383207.295,2264748.234,1905.857,-100.11987243,20.47773495,1905.857,12.237,,Mexico ITRF92 / UTM zone 14N,6,0,0,0,0
31,,383223.536,2264744.552,1904.300,,-100.11971649,20.47770268,1904.300,Global,0.220,0.210,0.403,0.304,1.686,m,FLOAT,RTK,2026-07-15 17:43:01.5 UTC-06:00,2026-07-15 17:43:06.5 UTC-06:00,26,2.2,2.6,383207.295,2264748.234,1905.857,-100.11987243,20.47773495,1905.857,16.703,,Mexico ITRF92 / UTM zone 14N,7,0,0,0,0
32,,383230.680,2264739.293,1905.087,,-100.11964765,20.47765561,1905.087,Global,0.079,0.088,0.201,0.119,1.686,m,FLOAT,RTK,2026-07-15 17:44:24.1 UTC-06:00,2026-07-15 17:44:29.3 UTC-06:00,27,1.4,1.6,383207.295,2264748.234,1905.857,-100.11987243,20.47773495,1905.857,25.005,,Mexico ITRF92 / UTM zone 14N,10,8,3,0,0
33,,383228.352,2264737.523,1904.394,,-100.11966986,20.47763948,1904.394,Global,0.062,0.064,0.163,0.090,1.686,m,FLOAT,RTK,2026-07-15 17:45:11.9 UTC-06:00,2026-07-15 17:45:16.9 UTC-06:00,26,2.3,2.8,383207.295,2264748.234,1905.857,-100.11987243,20.47773495,1905.857,23.635,,Mexico ITRF92 / UTM zone 14N,10,0,0,0,0
34,,383224.524,2264733.552,1904.375,,-100.11970630,20.47760337,1904.375,Global,0.142,0.111,0.316,0.180,1.686,m,FLOAT,RTK,2026-07-15 17:45:49.7 UTC-06:00,2026-07-15 17:45:54.7 UTC-06:00,26,4.2,5.2,383207.295,2264748.234,1905.857,-100.11987243,20.47773495,1905.857,22.724,,Mexico ITRF92 / UTM zone 14N,9,0,0,0,0
35,,383218.037,2264736.977,1904.339,,-100.11976871,20.47763391,1904.339,Global,0.075,0.140,0.030,0.159,1.686,m,FIX,RTK,2026-07-15 17:46:36.1 UTC-06:00,2026-07-15 17:46:41.1 UTC-06:00,26,2.7,3.1,383207.295,2264748.234,1905.857,-100.11987243,20.47773495,1905.857,15.647,,Mexico ITRF92 / UTM zone 14N,9,0,0,0,0
36,,383215.927,2264734.893,1904.731,,-100.11978880,20.47761495,1904.731,Global,0.088,0.082,0.220,0.120,1.686,m,FLOAT,RTK,2026-07-15 17:46:57.1 UTC-06:00,2026-07-15 17:47:02.1 UTC-06:00,26,5.5,6.6,383207.295,2264748.234,1905.857,-100.11987243,20.47773495,1905.857,15.930,,Mexico ITRF92 / UTM zone 14N,8,0,0,0,0
37,,383211.399,2264738.111,1905.117,,-100.11983243,20.47764375,1905.117,Global,0.077,0.069,0.198,0.103,1.686,m,FLOAT,RTK,2026-07-15 17:47:27.9 UTC-06:00,2026-07-15 17:47:32.9 UTC-06:00,26,2.7,3.2,383207.295,2264748.234,1905.857,-100.11987243,20.47773495,1905.857,10.935,,Mexico ITRF92 / UTM zone 14N,8,0,0,0,0
38,,383218.780,2264740.497,1905.145,,-100.11976183,20.47766576,1905.145,Global,0.062,0.064,0.168,0.089,1.686,m,FLOAT,RTK,2026-07-15 17:47:57.1 UTC-06:00,2026-07-15 17:48:02.1 UTC-06:00,26,1.5,1.8,383207.295,2264748.234,1905.857,-100.11987243,20.47773495,1905.857,13.924,,Mexico ITRF92 / UTM zone 14N,10,0,0,0,0
39,,383219.367,2264740.718,1904.232,,-100.11975621,20.47766779,1904.232,Global,0.007,0.007,0.018,0.009,1.686,m,FIX,RTK,2026-07-15 17:48:17.1 UTC-06:00,2026-07-15 17:48:22.3 UTC-06:00,27,1.5,1.8,383207.295,2264748.234,1905.857,-100.11987243,20.47773495,1905.857,14.230,,Mexico ITRF92 / UTM zone 14N,10,0,0,0,0
40,,383218.769,2264741.192,1904.294,,-100.11976197,20.47767204,1904.294,Global,0.007,0.007,0.018,0.010,1.686,m,FIX,RTK,2026-07-15 17:48:49.7 UTC-06:00,2026-07-15 17:48:54.7 UTC-06:00,26,1.6,1.9,383207.295,2264748.234,1905.857,-100.11987243,20.47773495,1905.857,13.476,,Mexico ITRF92 / UTM zone 14N,10,0,0,0,0
41,,383218.377,2264740.642,1904.297,,-100.11976569,20.47766704,1904.297,Global,0.009,0.009,0.014,0.013,1.686,m,FIX,RTK,2026-07-15 17:49:06.7 UTC-06:00,2026-07-15 17:49:11.9 UTC-06:00,27,1.4,1.7,383207.295,2264748.234,1905.857,-100.11987243,20.47773495,1905.857,13.448,,Mexico ITRF92 / UTM zone 14N,10,0,0,0,0
42,,383218.218,2264744.420,1904.054,,-100.11976747,20.47770116,1904.054,Global,0.008,0.012,0.020,0.015,1.686,m,FIX,RTK,2026-07-15 17:49:27.9 UTC-06:00,2026-07-15 17:49:32.9 UTC-06:00,26,1.6,1.8,383207.295,2264748.234,1905.857,-100.11987243,20.47773495,1905.857,11.576,,Mexico ITRF92 / UTM zone 14N,10,0,0,0,0
43,,383205.228,2264742.529,1904.452,,-100.11989188,20.47768328,1904.452,Global,0.019,0.018,0.053,0.026,1.686,m,FLOAT,RTK,2026-07-15 17:50:07.3 UTC-06:00,2026-07-15 17:50:12.3 UTC-06:00,26,2.1,2.4,383207.295,2264748.234,1905.857,-100.11987243,20.47773495,1905.857,6.080,,Mexico ITRF92 / UTM zone 14N,10,0,0,0,0
44,,383206.415,2264744.241,1904.476,,-100.11988061,20.47769881,1904.476,Global,0.021,0.026,0.060,0.033,1.686,m,FLOAT,RTK,2026-07-15 17:50:21.7 UTC-06:00,2026-07-15 17:50:26.9 UTC-06:00,27,2.6,3.2,383207.295,2264748.234,1905.857,-100.11987243,20.47773495,1905.857,4.105,,Mexico ITRF92 / UTM zone 14N,8,0,0,0,0
45,,383203.159,2264746.405,1904.423,,-100.11991197,20.47771817,1904.423,Global,0.022,0.022,0.058,0.031,1.686,m,FLOAT,RTK,2026-07-15 17:50:39.9 UTC-06:00,2026-07-15 17:50:45.1 UTC-06:00,27,2.1,2.5,383207.295,2264748.234,1905.857,-100.11987243,20.47773495,1905.857,4.540,,Mexico ITRF92 / UTM zone 14N,7,0,0,0,0
46,,383204.798,2264745.456,1904.506,,-100.11989619,20.47770969,1904.506,Global,0.025,0.032,0.061,0.041,1.686,m,FLOAT,RTK,2026-07-15 17:50:56.9 UTC-06:00,2026-07-15 17:51:02.1 UTC-06:00,27,3.6,4.4,383207.295,2264748.234,1905.857,-100.11987243,20.47773495,1905.857,3.781,,Mexico ITRF92 / UTM zone 14N,7,0,0,0,0
47,,383205.526,2264744.985,1904.489,,-100.11988919,20.47770548,1904.489,Global,0.024,0.024,0.062,0.034,1.686,m,FLOAT,RTK,2026-07-15 17:51:11.1 UTC-06:00,2026-07-15 17:51:16.1 UTC-06:00,26,4.7,5.9,383207.295,2264748.234,1905.857,-100.11987243,20.47773495,1905.857,3.713,,Mexico ITRF92 / UTM zone 14N,7,0,0,0,0
48,,383205.851,2264745.518,1904.529,,-100.11988610,20.47771032,1904.529,Global,0.026,0.027,0.057,0.037,1.686,m,FLOAT,RTK,2026-07-15 17:51:22.9 UTC-06:00,2026-07-15 17:51:27.9 UTC-06:00,26,2.8,3.4,383207.295,2264748.234,1905.857,-100.11987243,20.47773495,1905.857,3.081,,Mexico ITRF92 / UTM zone 14N,9,0,0,0,0
49,,383205.202,2264746.023,1904.660,,-100.11989236,20.47771485,1904.660,Global,0.023,0.025,0.062,0.034,1.686,m,FLOAT,RTK,2026-07-15 17:51:36.7 UTC-06:00,2026-07-15 17:51:41.7 UTC-06:00,26,3.4,4.1,383207.295,2264748.234,1905.857,-100.11987243,20.47773495,1905.857,3.073,,Mexico ITRF92 / UTM zone 14N,8,0,0,0,0
50,,383198.133,2264756.014,1903.641,,-100.11996079,20.47780467,1903.641,Global,0.022,0.024,0.064,0.033,1.686,m,FLOAT,RTK,2026-07-15 17:52:15.5 UTC-06:00,2026-07-15 17:52:20.7 UTC-06:00,27,1.9,2.3,383207.295,2264748.234,1905.857,-100.11987243,20.47773495,1905.857,12.045,,Mexico ITRF92 / UTM zone 14N,10,0,0,0,0
51,,383198.646,2264756.459,1903.589,,-100.11995590,20.47780872,1903.589,Global,0.023,0.024,0.064,0.034,1.686,m,FLOAT,RTK,2026-07-15 17:52:28.5 UTC-06:00,2026-07-15 17:52:33.7 UTC-06:00,27,2.0,2.4,383207.295,2264748.234,1905.857,-100.11987243,20.47773495,1905.857,11.948,,Mexico ITRF92 / UTM zone 14N,9,0,0,0,0
52,,383198.018,2264757.076,1903.610,,-100.11996195,20.47781426,1903.610,Global,0.021,0.024,0.062,0.032,1.686,m,FLOAT,RTK,2026-07-15 17:52:42.5 UTC-06:00,2026-07-15 17:52:47.7 UTC-06:00,27,2.0,2.4,383207.295,2264748.234,1905.857,-100.11987243,20.47773495,1905.857,12.835,,Mexico ITRF92 / UTM zone 14N,10,0,0,0,0
53,,383197.506,2264756.649,1903.680,,-100.11996684,20.47781036,1903.680,Global,0.021,0.024,0.061,0.032,1.686,m,FLOAT,RTK,2026-07-15 17:52:57.7 UTC-06:00,2026-07-15 17:53:02.9 UTC-06:00,27,1.8,2.2,383207.295,2264748.234,1905.857,-100.11987243,20.47773495,1905.857,12.925,,Mexico ITRF92 / UTM zone 14N,9,0,0,0,0
